year,local_authority,agriculture_forestry_fishing,mining_quarrying_utilities,manufacturing,construction,motor_trades,wholesale,retail,transport_storage_postal,accomodation_food,information_communication,finance_insurance,property,professional_scientific_technical,business_admin_support_services,public_admin_defence,education,health,arts_entertainment_recreation_other,average_download_speed_mbit_s,average_upload_speed_mbit_s,level_2_attainment_pct,level_3_attainment_pct,births,deaths,total_emp,emp_growth_pct,growth_group,hhi,net_business
2015,barnsley,225,600,12000,5000,1500,2500,7000,4500,5000,1000,1500,1250,3000,5000,2250,8000,14000,2500,25.8,3,50.65757476635514,14.64215873015873,870,640,76825,NA,High Growth,0.0986576873473327,230
2015,bradford,225,3000,25000,7000,3500,9000,19000,8000,10000,5000,9000,3000,11000,13000,9000,24000,31000,7000,32.5,3.1,51.37078037383178,17.658825396825396,2345,1730,196725,NA,Low Growth,0.08716375650643889,615
2015,calderdale,150,500,14000,4000,1500,4000,7000,3000,6000,1500,8000,1250,4500,18000,3000,8000,10000,3500,24.1,3,58.58365887850467,23.446809523809524,1070,825,97900,NA,Low Growth,0.0961806725713946,245
2015,doncaster,300,1500,10000,7000,3000,4500,12000,9000,7000,1250,2250,900,5000,11000,9000,11000,21000,4500,25.3,3,53.472532710280376,17.009984126984126,2135,1000,120200,NA,Medium Growth,0.08798944355082074,1135
2015,east riding of yorkshire,3000,1250,17000,6000,2500,4500,11000,6000,9000,2250,1250,1500,7000,7000,10000,12000,17000,4500,17.9,2.5,56.602556074766355,21.03853968253968,1405,1180,122750,NA,Medium Growth,0.08363579046046765,225
2015,"kingston upon hull, city of",5,1250,20000,6000,2000,5000,12000,5000,6000,2000,1250,1000,5000,14000,5000,12000,18000,4500,17.3,2,52.43264485981308,14.41495238095238,870,720,120005,NA,Medium Growth,0.09807342600256676,150
2015,kirklees,300,1000,25000,8000,3500,11000,17000,7000,9000,2250,2500,1750,8000,9000,6000,18000,21000,6000,28.5,2.9,58.24482710280374,23.13953968253968,2065,1670,156300,NA,Low Growth,0.09163910798704364,395
2015,leeds,500,7000,29000,18000,6000,17000,32000,18000,25000,16000,26000,7000,47000,59000,16000,39000,51000,19000,31.8,3.3,53.491294392523365,19.07420634920635,4315,3085,432500,NA,High Growth,0.07977413211266664,1230
2015,north east lincolnshire,125,600,10000,2500,1500,2500,7000,6000,4000,500,1250,800,3000,4500,2250,7000,11000,2250,45.8,3.6,57.875219626168224,17.155238095238094,665,700,66775,NA,Low Growth,0.09597727354598758,-35
2015,north lincolnshire,700,1750,15000,5000,1750,2500,6000,6000,4000,400,700,700,2500,5000,2500,6000,8000,2000,29.3,3.5,56.04338317757009,18.563809523809525,685,515,70500,NA,Medium Growth,0.09929178612745837,170
2015,rotherham,150,1500,14000,7000,1750,4000,9000,5000,5000,1250,2000,700,3500,13000,7000,10000,13000,4000,24.4,2.8,55.15538785046729,18.195888888888888,1110,750,101850,NA,Low Growth,0.08855683840121234,360
2015,sheffield,150,1500,23000,9000,4000,11000,25000,9000,15000,8000,10000,3000,18000,19000,12000,33000,41000,10000,25.3,3,55.29402336448598,19.619920634920636,2285,1940,251650,NA,Medium Growth,0.08767522785933128,345
2015,wakefield,150,2000,18000,6000,3000,9000,13000,14000,9000,2000,2250,2500,7000,13000,8000,12000,20000,6000,24.4,3.2,57.18956074766355,17.33415873015873,1465,1040,146900,NA,High Growth,0.08236177576888554,425
2015,york,175,400,4500,4000,1500,2500,13000,4500,11000,2500,4500,1750,8000,8000,5000,12000,16000,5000,27.2,3.7,57.1801214953271,24.136888888888887,830,720,104325,NA,High Growth,0.08845821066572628,110
2016,barnsley,350,500,11000,5000,2000,3000,8000,5000,4500,1250,1000,1250,3000,5000,2000,8000,15000,2500,31.3,3.3,52.30719626168224,14.38973015873016,1000,650,78350,1.9850309144158802,High Growth,0.0987172005250278,350
2016,bradford,450,3000,22000,7000,4500,11000,19000,8000,9000,6000,7000,3000,11000,12000,8000,23000,31000,7000,38.9,3.3,51.06653738317757,18.030841269841268,2515,1750,191950,-2.4272461558012455,Low Growth,0.08553316305603756,765
2016,calderdale,300,500,12000,4000,1750,5000,7000,3000,5000,2000,7000,1250,5000,17000,3000,8000,10000,4000,30.6,3.2,59.941228971962616,23.12868253968254,1030,775,95800,-2.1450459652706844,Low Growth,0.090324418913794835,255
2016,doncaster,600,1000,9000,7000,3500,5000,12000,11000,6000,1750,2000,900,5000,11000,7000,11000,20000,4500,29.9,3.1,51.222808411214956,15.89625396825397,1955,1490,118250,-1.622296173044925,Medium Growth,0.08680019130287088,465
2016,east riding of yorkshire,4500,1750,16000,6000,3500,5000,11000,8000,9000,3000,1000,1500,7000,7000,9000,10000,17000,5000,26.2,4,56.58117757009346,21.18136507936508,1845,1190,125250,2.0366598778004072,Medium Growth,0.07801164138788291,655
2016,"kingston upon hull, city of",75,1250,18000,6000,2500,6000,12000,6000,5000,2500,1000,1250,5000,15000,5000,12000,18000,4500,27.3,4.7,51.76748598130841,13.51184126984127,965,630,121075,0.8916295154368568,Medium Growth,0.0941991926632541,335
2016,kirklees,400,1750,21000,9000,5000,11000,16000,7000,8000,3000,2250,2000,8000,9000,5000,18000,21000,6000,36.9,3.3,59.15270560747663,22.80031746031746,2145,1690,153400,-1.8554062699936023,Low Growth,0.08623673908572148,455
2016,leeds,1000,8000,25000,20000,7000,18000,31000,20000,23000,20000,23000,6000,46000,52000,14000,40000,56000,21000,40.4,3.6,54.02314018691589,19.399555555555555,4820,3110,431000,-0.3468208092485549,High Growth,0.0781165045407809,1710
2016,north east lincolnshire,300,700,10000,2500,2000,3000,7000,6000,4000,600,900,800,3000,4500,2250,7000,11000,2500,61,4.4,54.88585046728972,15.899920634920635,660,630,68050,1.9093972295020591,Low Growth,0.09354804053940975,30
2016,north lincolnshire,1250,1500,14000,5000,2500,3000,6000,6000,4000,500,450,600,2250,4500,2500,6000,9000,2000,38.1,4,55.494728971962616,18.03773015873016,710,575,71050,0.7801418439716312,Medium Growth,0.09536999298251174,135
2016,rotherham,225,1500,12000,7000,2000,4000,9000,5000,5000,1750,1500,600,5000,11000,7000,9000,17000,4000,29.6,3,57.203864485981306,18.240920634920634,1220,725,102575,0.7118311242022582,Low Growth,0.08867191391258329,495
2016,sheffield,350,1750,20000,9000,4500,12000,25000,9000,15000,9000,9000,3000,19000,20000,13000,33000,41000,10000,30.6,3.1,54.3811261682243,19.568460317460318,2525,1855,253600,0.7748857540234453,Medium Growth,0.08630352264924519,670
2016,wakefield,350,2250,16000,7000,4000,9000,13000,16000,8000,2250,1500,2500,7000,14000,9000,12000,20000,5000,29.3,3.4,60.596200934579436,19.160079365079365,1420,985,148850,1.3274336283185841,High Growth,0.08145519185325091,435
2016,york,250,350,4000,4500,1500,3000,13000,4500,10000,3000,4000,1750,8000,7000,5000,11000,16000,5000,42.2,3.7,60.21368224299066,23.306761904761906,870,685,101850,-2.372393961179008,High Growth,0.08724193967805707,185
2017,barnsley,300,600,12000,4500,1750,2500,8000,5000,5000,1000,1250,1250,3500,7000,2000,7000,14000,2500,37.1,4.7,50.72023828125,15.41008,840,810,79150,1.0210593490746651,High Growth,0.0971531460491666,30
2017,bradford,250,2500,26000,7000,4000,9000,21000,8000,11000,7000,8000,3000,13000,15000,9000,22000,31000,6000,48,4.8,50.0509765625,17.472973333333332,2150,2115,202750,5.626465225319093,Low Growth,0.08592853200673234,35
2017,calderdale,175,450,14000,4500,1500,4500,7000,3000,7000,2000,7000,1250,5000,9000,3000,8000,9000,3500,36.3,4.8,59.61485546875,23.50222666666667,935,920,89875,-6.184759916492693,Low Growth,0.08329239536444721,15
2017,doncaster,350,900,10000,8000,3500,4500,13000,11000,8000,1750,2500,900,6000,11000,7000,11000,21000,4000,36.1,4.5,52.7397265625,16.072746666666667,1480,2185,124400,5.200845665961945,Medium Growth,0.08694821962138523,-705
2017,east riding of yorkshire,3000,2000,18000,6000,3000,4000,12000,7000,11000,2500,1250,1500,8000,8000,8000,11000,16000,4000,39.5,5.8,57.68945703125,21.873,1360,1335,126250,0.7984031936127743,Medium Growth,0.08200372512498774,25
2017,"kingston upon hull, city of",25,1250,21000,6000,2500,4500,12000,6000,7000,2000,1250,1250,6000,15000,6000,12000,18000,4000,41.6,5.1,50.903203125,14.678546666666668,895,830,125775,3.8818913896345237,Medium Growth,0.09622317382575873,65
2017,kirklees,300,1250,25000,8000,4000,9000,18000,7000,10000,2500,1750,2500,9000,11000,5000,16000,19000,6000,44.8,4.8,60.3825078125,22.902973333333332,1800,1835,155300,1.2385919165580181,Low Growth,0.08940239463406928,-35
2017,leeds,600,6000,28000,20000,7000,17000,34000,23000,28000,20000,26000,6000,49000,56000,15000,40000,53000,18000,49,5.2,53.2300234375,19.58152,3815,3885,446600,3.6194895591647334,High Growth,0.07838675215175053,-70
2017,north east lincolnshire,150,600,11000,3000,1750,2000,8000,7000,4500,500,900,800,3500,5000,2000,6000,11000,2000,71.5,5.6,55.0806640625,16.73892,565,595,69700,2.4246877296105804,Low Growth,0.0977019775261471,-30
2017,north lincolnshire,800,1250,17000,5000,2000,2250,7000,6000,4500,450,500,500,2500,5000,2500,5000,8000,1750,45.4,5.6,54.05546875,18.100533333333335,610,610,72000,1.3370865587614356,Medium Growth,0.10817515432098765,0
2017,rotherham,175,1750,14000,7000,2000,3500,10000,5000,6000,2000,1750,600,7000,7000,6000,9000,13000,3000,38.2,4.5,56.0264765625,16.707493333333332,950,950,98775,-3.704606385571533,Low Growth,0.08463747984436787,0
2017,sheffield,200,1500,23000,9000,4500,10000,26000,10000,17000,9000,9000,3000,22000,21000,12000,32000,41000,10000,38,4.7,53.64693359375,20.071506666666668,2200,2080,260200,2.602523659305994,Medium Growth,0.08629529345663862,120
2017,wakefield,200,2250,17000,7000,4000,9000,14000,16000,9000,2250,1500,2500,8000,15000,9000,12000,19000,4000,35.5,5,58.71296875,19.721986666666666,1300,1220,151700,1.9146792072556267,High Growth,0.08159188176713138,80
2017,york,225,300,4500,4000,1750,2250,14000,5000,12000,3000,4000,1750,9000,8000,6000,12000,15000,4000,102.9,71.6,59.52655078125,23.36208,775,740,106775,4.835542464408444,High Growth,0.08802621459565613,35
2018,barnsley,300,700,13000,4000,1500,3000,8000,6000,6000,1500,1000,1250,3000,7000,2500,7000,14000,2500,41.3,5.9,48.75894140625,15.05916,920,750,82250,3.9166140240050535,High Growth,0.09654641032510786,170
2018,bradford,300,3500,27000,6000,3500,9000,20000,9000,12000,5000,7000,3000,12000,11000,9000,23000,32000,6000,51.2,5.5,47.01090625,16.56796,2155,1770,198300,-2.19482120838471,Low Growth,0.08935228311042245,385
2018,calderdale,200,600,14000,3500,1000,4000,7000,3500,7000,2000,7000,1000,4500,10000,3000,8000,10000,4000,39.9,5.8,58.90668359375,22.032693333333334,1280,870,90300,0.47287899860917937,Low Growth,0.08574224714223169,410
2018,doncaster,400,1000,11000,7000,3000,4500,12000,11000,7000,2000,3000,800,6000,10000,7000,11000,20000,4000,39.7,5.6,50.48887109375,14.83348,1605,1375,120700,-2.97427652733119,Medium Growth,0.08580504911627768,230
2018,east riding of yorkshire,3500,2250,19000,5000,2250,4500,12000,6000,11000,3000,1250,1500,8000,8000,8000,11000,15000,4500,51.4,7.4,58.304734375,21.53108,1400,1370,125750,-0.39603960396039606,Medium Growth,0.08225399096474828,30
2018,"kingston upon hull, city of",125,1250,21000,5000,2000,4500,13000,6000,7000,2500,1250,1500,6000,15000,6000,12000,18000,4000,76.5,7.3,51.40698828125,15.3458,825,825,126125,0.278274696879348,Medium Growth,0.09661412009457007,0
2018,kirklees,350,1250,27000,7000,3000,10000,17000,6000,10000,3500,2000,2250,9000,10000,5000,17000,19000,5000,48.8,5.6,57.0654140625,22.172266666666665,1825,1665,154350,-0.6117192530585963,Low Growth,0.09301564425421549,160
2018,leeds,600,8000,29000,17000,6000,17000,33000,23000,28000,27000,27000,7000,51000,54000,15000,43000,56000,19000,52.4,5.9,52.43463671875,19.249506666666665,4065,3765,460600,3.1347962382445136,High Growth,0.07785140829920535,300
2018,north east lincolnshire,150,700,11000,2250,1500,2250,7000,6000,4500,600,900,800,3000,5000,2250,7000,10000,2250,73.5,6.1,49.827859375,15.075066666666666,560,505,67150,-3.6585365853658534,Low Growth,0.0962654041889525,55
2018,north lincolnshire,900,1250,17000,5000,1500,2250,6000,7000,4500,600,500,600,2500,6000,2500,6000,9000,1750,49.8,6.7,53.98344140625,17.341973333333332,620,555,74850,3.958333333333333,Medium Growth,0.1068210792549249,65
2018,rotherham,175,1750,15000,5000,1750,3500,9000,5000,6000,3500,1750,600,3500,9000,6000,10000,13000,3000,43.8,5.7,54.1995234375,16.360013333333335,955,855,97525,-1.2655024044545684,Low Growth,0.08761614112314914,100
2018,sheffield,250,1750,24000,8000,3500,10000,27000,10000,17000,11000,9000,3000,20000,20000,12000,32000,41000,10000,43,5.9,53.40576171875,19.988946666666667,2155,1850,259500,-0.2690238278247502,Medium Growth,0.0866253837786465,305
2018,wakefield,225,2500,19000,7000,3000,10000,13000,17000,9000,2500,1500,2500,7000,14000,9000,11000,21000,4500,39.1,6.1,56.9214921875,20.396253333333334,1225,1125,153725,1.3348714568226763,High Growth,0.08409585021777588,100
2018,york,250,450,5000,3500,1250,2000,13000,4500,12000,3500,4000,2000,8000,7000,6000,12000,16000,4000,44,6.2,58.04515625,23.35981333333333,850,670,104450,-2.177476000936549,High Growth,0.0892387831952045,180
2019,barnsley,225,450,12000,5000,1500,3000,9000,6000,5000,1500,900,1250,3500,7000,1750,7000,14000,3500,51.9,8.1,51.25189453125,15.296746666666667,925,780,82575,0.3951367781155016,High Growth,0.09513466276082376,145
2019,bradford,300,3500,27000,8000,3500,9000,21000,7000,11000,4500,6000,3000,12000,11000,9000,21000,33000,7000,62.9,7.1,48.80592578125,15.571693333333332,2230,1795,196800,-0.7564296520423601,Low Growth,0.09036453169409743,435
2019,calderdale,200,450,13000,5000,1250,4000,8000,3500,6000,2000,7000,1250,5000,9000,3000,8000,10000,5000,49.7,7.7,60.7203671875,20.63104,1030,995,91650,1.495016611295681,Low Growth,0.0812666727978216,35
2019,doncaster,350,800,11000,9000,3000,4500,13000,11000,7000,2000,2500,900,6000,9000,6000,10000,21000,4500,51.1,7.5,51.09987890625,13.57716,1735,1280,121550,0.7042253521126761,Medium Growth,0.08774111169639517,455
2019,east riding of yorkshire,3000,2000,18000,7000,2500,4000,14000,5000,9000,3000,900,1500,9000,7000,8000,11000,16000,6000,67.8,10.1,61.35034375,20.70088,1325,1215,126900,0.9145129224652087,Medium Growth,0.08254732944973209,110
2019,"kingston upon hull, city of",100,900,20000,7000,2000,4000,12000,5000,6000,3000,1000,1500,4500,15000,6000,11000,19000,4500,131.4,13.4,52.356296875,13.210706666666667,930,695,122500,-2.8741328047571852,Medium Growth,0.09799716784673052,235
2019,kirklees,300,900,25000,9000,3500,8000,19000,5000,9000,3000,1750,3000,9000,9000,5000,17000,22000,7000,60.7,7.4,54.7725703125,19.469973333333332,2045,1515,156450,1.3605442176870748,Low Growth,0.09315886467494826,530
2019,leeds,600,7000,28000,22000,6000,15000,35000,20000,26000,25000,26000,7000,49000,55000,17000,43000,58000,22000,65.6,7.8,52.2377109375,16.87424,3890,3295,461600,0.21710811984368217,High Growth,0.07810111164842955,595
2019,north east lincolnshire,125,700,11000,3000,1750,2000,8000,5000,4000,500,700,800,3500,4000,2250,6000,10000,2500,88.3,7,52.228390625,14.30624,595,520,65825,-1.9731943410275503,Low Growth,0.09681914189429239,75
2019,north lincolnshire,800,1500,17000,6000,1750,2250,7000,6000,3500,600,400,600,2500,5000,2000,5000,10000,2500,60.7,8.7,55.93652734375,16.50116,655,570,74400,-0.6012024048096193,Medium Growth,0.10851055757891084,85
2019,rotherham,175,1500,13000,7000,2000,4000,10000,4500,6000,3500,1250,500,4000,9000,6000,9000,14000,4000,56.3,7.8,55.37298046875,16.150933333333334,1145,855,99425,1.9482184055370415,Low Growth,0.08462975662991545,290
2019,sheffield,200,1250,22000,10000,4000,10000,27000,12000,16000,12000,9000,3000,21000,19000,13000,33000,42000,12000,51.1,8,52.68849609375,18.536666666666665,2195,1910,266450,2.678227360308285,Medium Growth,0.08497149524155387,285
2019,wakefield,225,2000,19000,9000,4000,9000,13000,17000,8000,2250,1500,2500,7000,13000,9000,11000,22000,5000,50.1,8.2,55.60514453125,17.682533333333332,1260,1060,154475,0.4878842088144414,High Growth,0.08413246596565992,200
2019,york,225,250,5000,4500,1500,2000,14000,4500,11000,3500,4000,1750,8000,9000,6000,12000,16000,5000,56.1,8.3,59.19700390625,22.422093333333333,910,710,108225,3.614169459071326,High Growth,0.08761258726608692,200
2020,barnsley,225,600,13000,5000,1750,3000,8000,6000,5000,1000,1000,1250,3000,8000,3000,7000,12000,2500,67.3,11.1,51.13369921875,13.507333333333333,975,735,81325,-1.5137753557372087,High Growth,0.09318240043076886,240
2020,bradford,300,3000,24000,8000,4000,10000,19000,7000,10000,4000,7000,3000,13000,12000,9000,21000,33000,6000,74.8,10.7,50.2603046875,14.789293333333333,2155,1770,193300,-1.7784552845528454,Low Growth,0.08856148111234904,385
2020,calderdale,200,500,13000,5000,1500,4500,7000,3000,5000,1500,7000,1250,4500,11000,3000,8000,9000,3500,59.1,10.3,59.00854296875,17.64265333333333,870,1040,88450,-3.491543917075832,Low Growth,0.08437537248019643,-170
2020,doncaster,350,1250,11000,8000,3500,4500,11000,12000,6000,1750,2500,1000,6000,10000,6000,10000,20000,4500,61.1,10.4,51.2149921875,14.25112,1705,1270,119350,-1.809954751131222,Medium Growth,0.08584044035481257,435
2020,east riding of yorkshire,3000,2250,18000,7000,3000,5000,11000,5000,9000,2500,900,1500,8000,8000,8000,11000,15000,5000,79.2,14.6,58.2106015625,17.852173333333333,1285,1190,123150,-2.955082742316785,Medium Growth,0.08046806912009474,95
2020,"kingston upon hull, city of",100,1000,20000,7000,2250,4000,11000,4500,6000,3000,1250,1750,4500,16000,6000,11000,17000,4000,163,24,47.15274609375,11.512146666666666,835,695,120350,-1.7551020408163265,Medium Growth,0.09667119979135776,140
2020,kirklees,300,1000,24000,9000,3500,8000,17000,6000,8000,2500,2000,3000,8000,10000,5000,17000,20000,6000,73.5,11.8,55.6236328125,17.06328,2170,1505,150300,-3.9309683604985617,Low Growth,0.0910394779303668,665
2020,leeds,600,7000,25000,21000,6000,16000,31000,21000,24000,23000,25000,7000,49000,60000,17000,43000,57000,19000,78.6,11.6,52.5230078125,15.842533333333334,3815,3470,451600,-2.166377816291161,High Growth,0.08010765384135611,345
2020,north east lincolnshire,125,900,11000,3000,2000,2000,6000,5000,4000,450,600,800,3000,5000,1500,6000,12000,2250,104.2,12.3,52.024328125000004,12.548946666666666,665,480,65625,-0.3038359285985568,Low Growth,0.10178249433106576,185
2020,north lincolnshire,900,1250,18000,6000,2000,2000,6000,6000,3500,500,450,700,2500,5000,2500,5000,9000,2000,69.7,11.3,54.82305859375,15.2954,605,520,73300,-1.478494623655914,Medium Growth,0.11224220112453447,85
2020,rotherham,200,2500,14000,7000,2000,4000,9000,6000,6000,3000,1250,500,4000,10000,6000,9000,13000,3500,67.2,10.9,52.395453125,13.441133333333333,1100,845,100950,1.5338194619059593,Low Growth,0.08334418860351181,255
2020,sheffield,200,1750,20000,9000,4000,9000,23000,10000,16000,10000,9000,3000,19000,22000,16000,32000,41000,10000,61.1,10.6,51.71820703125,16.65868,2120,1710,254950,-4.316006755488835,Medium Growth,0.08557146264311792,410
2020,wakefield,225,2000,18000,8000,4000,9000,11000,16000,8000,2000,1500,2500,7000,14000,10000,12000,22000,4500,61.4,10.8,56.403441406249996,16.023066666666665,1285,1060,151725,-1.7802233371095648,High Growth,0.08409038355826759,225
2020,york,225,350,4000,4000,1500,2000,13000,4500,10000,3000,4000,2500,8000,10000,6000,12000,15000,4500,147.1,98.1,58.30824609375,18.757373333333334,745,645,104575,-3.372603372603373,High Growth,0.0867025548637293,100
2021,barnsley,200,500,12000,5000,1500,2500,8000,7000,6000,1250,900,1500,3500,7000,3000,8000,14000,3000,78.6,12.7,54.8424140625,14.6556,1070,950,84850,4.334460498001844,High Growth,0.09315374734921657,120
2021,bradford,300,3000,25000,7000,3500,10000,18000,9000,13000,4000,7000,3000,13000,13000,9000,23000,38000,7000,88.4,12.3,51.358734375,16.325213333333334,2360,1925,205800,6.466632177961717,Low Growth,0.09171207008417694,435
2021,calderdale,175,450,14000,4500,1500,4000,7000,3000,6000,2250,6000,1500,4500,11000,3000,8000,10000,4500,68.5,11.6,59.94502734375,19.014573333333335,1135,1105,91375,3.306953080836631,Low Growth,0.08462241817797331,30
2021,doncaster,350,1250,11000,8000,3500,4000,11000,16000,7000,2000,2250,1250,6000,10000,6000,11000,22000,5000,75.2,12.4,52.75719140625,14.702146666666668,1735,1510,127600,6.912442396313365,Medium Growth,0.0892753608946453,225
2021,east riding of yorkshire,3500,2000,20000,6000,2500,5000,11000,6000,11000,3000,800,1500,8000,7000,7000,11000,18000,6000,90.2,17.5,60.85584765625,18.3566,1430,1195,129300,4.993909866017052,Medium Growth,0.08471997171993403,235
2021,"kingston upon hull, city of",20,1000,21000,7000,2000,4500,11000,5000,6000,3000,1250,1500,4500,13000,6000,12000,19000,4500,171.4,27.9,54.86747265625,12.94528,1075,725,122270,1.5953469048608226,Medium Growth,0.09769682284417096,350
2021,kirklees,350,1250,30000,8000,3500,8000,15000,8000,10000,3500,1750,3000,8000,9000,6000,17000,23000,6000,85.9,14,56.64342578125,18.428253333333334,2045,2300,161350,7.351962741184298,Low Growth,0.09565431661063219,-255
2021,leeds,450,6000,30000,18000,6000,15000,30000,22000,26000,28000,24000,8000,48000,56000,19000,45000,66000,21000,97.1,13.4,54.83326171875,17.195893333333334,4105,4115,468450,3.731178033658104,High Growth,0.08033069865749408,-10
2021,north east lincolnshire,100,700,11000,2500,1750,2000,7000,7000,5000,600,600,900,3000,4500,1250,6000,13000,2500,116.7,13.7,54.56027734375,13.564453333333333,580,660,69400,5.752380952380952,Low Growth,0.10410455198531672,-80
2021,north lincolnshire,700,900,19000,6000,1750,2000,6000,7000,4000,600,400,800,2250,4500,2500,6000,10000,2500,78.6,12.6,58.0398515625,16.4654,685,590,76900,4.911323328785812,Medium Growth,0.11521473347075645,95
2021,rotherham,175,1250,15000,6000,2250,3500,9000,7000,7000,2500,1500,700,3500,9000,6000,9000,15000,3500,77.7,12.5,53.1975703125,14.748013333333333,1135,1185,101875,0.9162951956414067,Low Growth,0.08820101622191277,-50
2021,sheffield,225,1500,21000,8000,4000,8000,22000,10000,17000,12000,9000,3500,19000,23000,17000,34000,42000,10000,70.6,12,52.813875,18.12236,2695,1845,261225,2.4612669150813886,Medium Growth,0.08641090544184271,850
2021,wakefield,300,2000,19000,7000,3500,9000,11000,16000,9000,3000,1500,3000,7000,14000,10000,12000,24000,5000,72.3,12.3,54.59455859375,15.602466666666666,1410,1240,156300,3.0153237765694514,High Growth,0.08496178215933153,170
2021,york,225,350,4000,3500,1500,1750,12000,5000,12000,4000,4000,1750,8000,9000,7000,12000,17000,5000,159.3,104,58.91172265625,20.731626666666667,800,720,108075,3.3468802295003584,High Growth,0.08850855525927438,80
2022,barnsley,200,600,13000,5000,2000,3000,9000,7000,5000,1250,1000,1500,3500,6000,3000,7000,14000,2500,100.2,14.9,55.35096484375,16.313746666666667,960,975,84550,-0.3535651149086624,High Growth,0.09452239759592736,-15
2022,bradford,300,2500,24000,8000,4500,11000,22000,9000,13000,3500,6000,3000,12000,13000,8000,22000,38000,6000,111.3,15,52.4978203125,16.519173333333335,2575,2275,205800,0,Low Growth,0.09255025069864124,300
2022,calderdale,175,600,12000,4500,1500,5000,7000,3000,6000,1500,7000,1250,4500,10000,3000,8000,11000,3500,85.1,13.8,61.89423828125,19.054733333333335,1235,995,89525,-2.024623803009576,Low Growth,0.0829976166526599,240
2022,doncaster,350,1750,11000,8000,4000,4500,13000,18000,8000,2500,2500,1250,6000,10000,7000,10000,21000,4500,101,15.2,56.79148828125,15.350133333333334,1985,1650,133350,4.506269592476489,Medium Growth,0.08670162011525838,335
2022,east riding of yorkshire,3500,2500,21000,6000,3000,5000,12000,6000,11000,3000,1250,1500,8000,6000,8000,11000,17000,4500,131.2,32.7,61.3736171875,18.618026666666665,1350,1410,130250,0.7347254447022429,Medium Growth,0.08473664626935504,-60
2022,"kingston upon hull, city of",20,1250,22000,7000,2250,5000,12000,5000,7000,3000,1250,1750,4500,14000,5000,12000,20000,3500,228.4,58.2,53.1458359375,14.99564,1350,1045,126520,3.4759139609061913,Medium Growth,0.09956390924986375,305
2022,kirklees,350,1250,27000,8000,4000,9000,16000,6000,10000,2500,2250,2500,8000,10000,6000,17000,23000,6000,107.7,16.6,56.9260859375,18.567426666666666,2155,1955,158850,-1.5494267121165168,Low Growth,0.09333877851400663,200
2022,leeds,450,6000,29000,18000,8000,17000,33000,20000,30000,26000,25000,8000,51000,67000,21000,43000,68000,20000,128.8,20.3,55.84437109375,18.010866666666665,4320,4575,490450,4.696338990287117,High Growth,0.08194938037694394,-255
2022,north east lincolnshire,100,900,11000,3000,2000,2500,7000,5000,5000,450,600,700,3000,4000,1250,6000,12000,2250,147.1,15.9,58.2226796875,15.12628,645,645,66750,-3.818443804034582,Low Growth,0.10161399374377533,0
2022,north lincolnshire,700,1000,19000,5000,2000,2250,7000,6000,4000,600,500,700,2000,4000,3000,5000,8000,2500,98.3,14.7,58.3493359375,14.8864,785,660,73250,-4.746423927178153,Medium Growth,0.11609267434681825,125
2022,rotherham,175,1500,15000,8000,2500,4000,9000,6000,7000,1750,1750,600,3000,9000,6000,9000,16000,3000,97.6,14.7,52.83765234375,15.569426666666667,1175,985,103275,1.3742331288343559,Low Growth,0.08982188916940193,190
2022,sheffield,250,2000,20000,9000,4500,10000,24000,10000,18000,11000,9000,3000,20000,21000,17000,33000,44000,10000,80.1,15.1,53.87230078125,18.861426666666667,2425,2085,265750,1.732223179251603,Medium Growth,0.08596784513557451,340
2022,wakefield,300,2250,20000,8000,4000,11000,12000,18000,9000,2250,2000,2500,7000,14000,10000,11000,24000,4000,94.7,14.9,57.738578125,16.308013333333335,1380,1330,161300,3.198976327575176,High Growth,0.08565191606172569,50
2022,york,225,450,4000,3500,1500,2000,12000,4500,12000,3500,4000,1500,9000,8000,8000,13000,18000,4500,177.5,107.8,62.8112890625,20.966733333333334,815,760,109675,1.4804533888503355,High Growth,0.09109560652006163,55
2023,barnsley,175,500,12000,5000,2250,3000,10000,7000,6000,1000,1000,1500,4000,6000,3500,7000,14000,3000,130.3,16.6,60.56768359375,16.318253333333335,865,875,86925,2.8089887640449436,High Growth,0.09143027821844837,-10
2023,bradford,300,3000,23000,9000,4500,9000,19000,10000,14000,2500,6000,3000,11000,12000,8000,22000,35000,6000,152.1,17.2,56.8278671875,15.15244,2330,2385,197300,-4.13022351797862,Low Growth,0.0899777508272474,-55
2023,calderdale,150,450,12000,5000,1750,6000,7000,3000,6000,1500,7000,1250,4500,10000,3000,8000,10000,3500,108.7,14.8,66.25857421875,18.623773333333332,935,1195,90100,0.6422786931024853,Low Growth,0.08137462259839542,-260
2023,doncaster,300,1250,11000,9000,4500,4500,12000,17000,8000,1750,2500,1250,7000,9000,6000,11000,21000,4500,143.7,18.8,59.9265859375,15.151426666666666,1570,1730,131550,-1.3498312710911136,Medium Growth,0.0866941696386432,-160
2023,east riding of yorkshire,3000,2500,19000,7000,3500,5000,11000,7000,12000,3000,1250,1500,8000,6000,9000,11000,17000,4500,128.7,46.8,65.332921875,17.61508,1230,1240,131250,0.7677543186180422,Medium Growth,0.08130249433106576,-10
2023,"kingston upon hull, city of",10,1250,21000,8000,2500,5000,11000,5000,7000,3000,1500,1250,6000,15000,5000,12000,20000,4000,193.5,87.5,59.318578125,14.48032,925,1130,128510,1.5728738539361367,Medium Growth,0.09637556390941249,-205
2023,kirklees,300,900,25000,8000,4000,9000,15000,8000,10000,2500,2250,3000,9000,10000,6000,17000,23000,6000,150.8,17.4,60.88020703125,18.23876,1950,1840,158950,0.06295247088448222,Low Growth,0.0897369207190036,110
2023,leeds,400,7000,27000,21000,7000,18000,32000,22000,32000,26000,26000,8000,56000,60000,21000,46000,67000,19000,181.6,21.4,60.471984375,17.478506666666668,3805,3785,495400,1.0092771944132939,High Growth,0.08020156045224462,20
2023,north east lincolnshire,75,1000,10000,3000,2250,2250,7000,6000,5000,400,600,700,3500,4000,1500,6000,12000,2250,200.9,18.3,63.35726953125,14.93896,525,580,67525,1.1610486891385767,Low Growth,0.09796925487714794,-55
2023,north lincolnshire,700,1250,18000,5000,2250,2500,6000,7000,4500,500,500,1000,2500,4000,3000,6000,8000,2500,132.9,17.3,63.13787109375,14.828066666666667,605,610,75200,2.6621160409556315,Medium Growth,0.10726979826844726,-5
2023,rotherham,150,1250,14000,6000,2500,4500,9000,6000,7000,2000,1750,600,3500,7000,5000,9000,14000,3500,136.9,16.9,59.2763828125,15.526066666666667,880,990,96750,-6.318082788671024,Low Growth,0.08642723126948834,-110
2023,sheffield,200,1750,20000,9000,5000,9000,24000,10000,20000,10000,10000,3000,20000,20000,19000,35000,44000,10000,121.1,16.1,57.89537890625,17.85432,2055,2300,269950,1.5804327375352776,Medium Growth,0.08641200834287018,-245
2023,wakefield,250,2000,21000,8000,4500,9000,12000,21000,10000,2250,2000,2500,8000,14000,10000,12000,23000,4500,146.6,27.9,62.08568359375,15.689413333333333,1255,1215,166000,2.913825170489771,High Growth,0.08578440267092466,40
2023,york,200,450,4000,4000,1750,2000,12000,5000,13000,4000,4500,1750,10000,8000,8000,14000,17000,5000,174.8,15.4,66.03372265625,21.685453333333335,700,715,114650,4.536129473444267,High Growth,0.08783953285839895,-15
